cell.instance,tumor.label
Cy81_FNA_CD45_B01_S301_comb,Mel81
Cy80_II_CD45_B07_S883_comb,Mel80
Cy81_Bulk_CD45_B10_S118_comb,Mel81
Cy80_II_CD45_C09_S897_comb,Mel80
Cy81_FNA_CD45_E05_S341_comb,Mel81
Cy81_Bulk_CD45_E10_S154_comb,Mel81
Cy80_II_CD45_H07_S955_comb,Mel80
Cy81_FNA_CD45_D09_S333_comb,Mel81
Cy80_II_CD45_H09_S957_comb,Mel80
Cy80_II_CD45_B11_S887_comb,Mel80
Cy81_Bulk_CD45_E04_S148_comb,Mel81
Cy80_II_CD45_D11_S911_comb,Mel80
Cy81_FNA_CD45_G10_S370_comb,Mel81
Cy81_FNA_CD45_C09_S321_comb,Mel81
Cy80_II_CD45_G07_S943_comb,Mel80
Cy81_Bulk_CD45_D01_S133_comb,Mel81
Cy81_Bulk_CD45_D10_S142_comb,Mel81
Cy81_FNA_CD45_C05_S317_comb,Mel81
Cy80_II_CD45_B01_S877_comb,Mel80
Cy81_Bulk_CD45_G12_S180_comb,Mel81
Cy81_FNA_CD45_F02_S350_comb,Mel81
Cy80_II_CD45_B09_S885_comb,Mel80
Cy81_FNA_CD45_H12_S384_comb,Mel81
Cy81_Bulk_CD45_E08_S152_comb,Mel81
Cy80_II_CD45_G09_S945_comb,Mel80
Cy80_II_CD45_D09_S909_comb,Mel80
Cy81_Bulk_CD45_B09_S117_comb,Mel81
Cy81_FNA_CD45_B10_S310_comb,Mel81
Cy81_Bulk_CD45_C06_S126_comb,Mel81
Cy81_FNA_CD45_H10_S382_comb,Mel81
Cy80_II_CD45_B02_S878_comb,Mel80
Cy81_FNA_CD45_B11_S311_comb,Mel81
Cy81_Bulk_CD45_B12_S120_comb,Mel81
Cy80_II_CD45_F12_S936_comb,Mel80
Cy81_Bulk_CD45_B01_S109_comb,Mel81
Cy80_II_CD45_B06_S882_comb,Mel80
Cy80_II_CD45_F07_S931_comb,Mel80
Cy80_II_CD45_B12_S888_comb,Mel80
Cy80_II_CD45_A09_S873_comb,Mel80
Cy80_II_CD45_F11_S935_comb,Mel80
Cy81_Bulk_CD45_E03_S147_comb,Mel81
Cy80_II_CD45_D04_S904_comb,Mel80
Cy81_Bulk_CD45_A11_S107_comb,Mel81
Cy81_FNA_CD45_C08_S320_comb,Mel81
Cy81_Bulk_CD45_C05_S125_comb,Mel81
Cy81_Bulk_CD45_B04_S112_comb,Mel81
Cy81_FNA_CD45_F03_S351_comb,Mel81
Cy81_Bulk_CD45_B05_S113_comb,Mel81
Cy80_II_CD45_C02_S890_comb,Mel80
Cy80_II_CD45_F01_S925_comb,Mel80
Cy80_II_CD45_E01_S913_comb,Mel80
Cy81_FNA_CD45_B02_S302_comb,Mel81
Cy81_FNA_CD45_F07_S355_comb,Mel81
Cy80_II_CD45_H11_S959_comb,Mel80
Cy81_FNA_CD45_E04_S340_comb,Mel81
Cy81_FNA_CD45_H09_S381_comb,Mel81
Cy80_II_CD45_A01_S865_comb,Mel80
Cy81_Bulk_CD45_F12_S168_comb,Mel81
Cy80_II_CD45_E11_S923_comb,Mel80
Cy81_Bulk_CD45_A08_S104_comb,Mel81
Cy80_II_CD45_E08_S920_comb,Mel80
Cy81_FNA_CD45_H05_S377_comb,Mel81
Cy81_FNA_CD45_D12_S336_comb,Mel81
Cy81_Bulk_CD45_F05_S161_comb,Mel81
Cy81_Bulk_CD45_D08_S140_comb,Mel81
Cy81_FNA_CD45_B04_S304_comb,Mel81
Cy80_II_CD45_H12_S960_comb,Mel80
Cy81_FNA_CD45_H01_S373_comb,Mel81
Cy81_Bulk_CD45_A12_S108_comb,Mel81
Cy80_II_CD45_A06_S870_comb,Mel80
Cy81_Bulk_CD45_E06_S150_comb,Mel81
Cy81_Bulk_CD45_A02_S98_comb,Mel81
Cy81_Bulk_CD45_D06_S138_comb,Mel81
Cy81_FNA_CD45_D11_S335_comb,Mel81
Cy81_FNA_CD45_C10_S322_comb,Mel81
Cy81_Bulk_CD45_G06_S174_comb,Mel81
Cy80_II_CD45_C08_S896_comb,Mel80
Cy81_FNA_CD45_E01_S337_comb,Mel81
Cy81_Bulk_CD45_D12_S144_comb,Mel81
Cy81_Bulk_CD45_G03_S171_comb,Mel81
Cy81_Bulk_CD45_D11_S143_comb,Mel81
Cy80_II_CD45_G03_S939_comb,Mel80
Cy81_FNA_CD45_B12_S312_comb,Mel81
Cy81_FNA_CD45_H04_S376_comb,Mel81
Cy81_Bulk_CD45_D04_S136_comb,Mel81
Cy81_FNA_CD45_H08_S380_comb,Mel81
Cy80_II_CD45_C01_S889_comb,Mel80
Cy80_II_CD45_E12_S924_comb,Mel80
Cy80_II_CD45_B08_S884_comb,Mel80
Cy80_II_CD45_E06_S918_comb,Mel80
Cy80_II_CD45_A02_S866_comb,Mel80
Cy80_II_CD45_D07_S907_comb,Mel80
Cy81_FNA_CD45_F10_S358_comb,Mel81
Cy80_II_CD45_F10_S934_comb,Mel80
Cy81_Bulk_CD45_G02_S170_comb,Mel81
Cy80_II_CD45_D12_S912_comb,Mel80
Cy81_FNA_CD45_C02_S314_comb,Mel81
Cy81_Bulk_CD45_E01_S145_comb,Mel81
Cy80_II_CD45_C04_S892_comb,Mel80
Cy81_Bulk_CD45_C11_S131_comb,Mel81
Cy81_FNA_CD45_C07_S319_comb,Mel81
Cy80_II_CD45_B10_S886_comb,Mel80
Cy81_FNA_CD45_F05_S353_comb,Mel81
cy79-p1-CD45-neg-PDL1-pos-AS-C1-R1-F07-S67-comb,Mel79
cy79-p1-CD45-neg-PDL1-pos-AS-C1-R1-G01-S73-comb,Mel79
cy79-p1-CD45-neg-PDL1-neg-AS-C4-R1-D09-S141-comb,Mel79
cy79-p1-CD45-neg-PDL1-neg-AS-C4-R1-D06-S138-comb,Mel79
cy79-p1-CD45-neg-PDL1-pos-AS-C1-R1-C04-S28-comb,Mel79
cy79-p1-CD45-neg-PDL1-neg-AS-C4-R1-C01-S121-comb,Mel79
cy79-p1-CD45-neg-PDL1-neg-AS-C4-R1-D02-S134-comb,Mel79
cy79-p1-CD45-neg-PDL1-neg-AS-C4-R1-F07-S163-comb,Mel79
cy79-p3-CD45-neg-PD1-pos-AS-C3-R1-C01-S313-comb,Mel79
cy79-p1-CD45-neg-PDL1-pos-AS-C1-R1-A10-S10-comb,Mel79
cy79-p1-CD45-neg-PDL1-pos-AS-C1-R1-G10-S82-comb,Mel79
cy79-p1-CD45-neg-PDL1-pos-AS-C1-R1-B07-S19-comb,Mel79
cy79-p1-CD45-neg-PDL1-neg-AS-C4-R1-B10-S118-comb,Mel79
cy79-p1-CD45-neg-PDL1-neg-AS-C4-R1-D12-S144-comb,Mel79
cy79-p1-CD45-neg-PDL1-neg-AS-C4-R1-D05-S137-comb,Mel79
cy79-p3-CD45-neg-PD1-pos-AS-C3-R1-B08-S308-comb,Mel79
cy79-p1-CD45-neg-PDL1-pos-AS-C1-R1-B12-S24-comb,Mel79
cy79-p1-CD45-neg-PDL1-pos-AS-C1-R1-B02-S14-comb,Mel79
cy79-p1-CD45-neg-PDL1-pos-AS-C1-R1-C08-S32-comb,Mel79
cy79-p1-CD45-neg-PDL1-pos-AS-C1-R1-F06-S66-comb,Mel79
cy79-p1-CD45-neg-PDL1-pos-AS-C1-R1-E01-S49-comb,Mel79
cy79-p1-CD45-neg-PDL1-neg-AS-C4-R1-F01-S157-comb,Mel79
cy79-p1-CD45-neg-PDL1-pos-AS-C1-R1-D09-S45-comb,Mel79
cy79-p1-CD45-neg-PDL1-neg-AS-C4-R1-H01-S181-comb,Mel79
cy79-p1-CD45-neg-PDL1-pos-AS-C1-R1-A04-S4-comb,Mel79
cy79-p1-CD45-neg-PDL1-pos-AS-C1-R1-B08-S20-comb,Mel79
cy79-p3-CD45-neg-PD1-pos-AS-C3-R1-D11-S335-comb,Mel79
cy79-p3-CD45-neg-PD1-pos-AS-C3-R1-D10-S334-comb,Mel79
cy79-p3-CD45-neg-PD1-pos-AS-C3-R1-H01-S373-comb,Mel79
cy79-p1-CD45-neg-PDL1-neg-AS-C4-R1-F03-S159-comb,Mel79
cy79-p1-CD45-neg-PDL1-pos-AS-C1-R1-E08-S56-comb,Mel79
cy79-p1-CD45-neg-PDL1-pos-AS-C1-R1-A07-S7-comb,Mel79
cy79-p1-CD45-neg-PDL1-neg-AS-C4-R1-B11-S119-comb,Mel79
cy79-p1-CD45-neg-PDL1-neg-AS-C4-R1-G02-S170-comb,Mel79
cy79-p3-CD45-neg-PD1-pos-AS-C3-R1-H03-S375-comb,Mel79
cy79-p1-CD45-neg-PDL1-neg-AS-C4-R1-F11-S167-comb,Mel79
cy79-p3-CD45-neg-PD1-pos-AS-C3-R1-C04-S316-comb,Mel79
cy79-p1-CD45-neg-PDL1-neg-AS-C4-R1-F06-S162-comb,Mel79
cy79-p1-CD45-neg-PDL1-neg-AS-C4-R1-A12-S108-comb,Mel79
cy79-p3-CD45-neg-PD1-pos-AS-C3-R1-B04-S304-comb,Mel79
cy79-p1-CD45-neg-PDL1-neg-AS-C4-R1-F04-S160-comb,Mel79
cy79-p1-CD45-neg-PDL1-neg-AS-C4-R1-C08-S128-comb,Mel79
cy79-p1-CD45-neg-PDL1-pos-AS-C1-R1-F03-S63-comb,Mel79
cy79-p1-CD45-neg-PDL1-neg-AS-C4-R1-H07-S187-comb,Mel79
cy79-p1-CD45-neg-PDL1-neg-AS-C4-R1-B07-S115-comb,Mel79
cy79-p1-CD45-neg-PDL1-neg-AS-C4-R1-G04-S172-comb,Mel79
cy79-p1-CD45-neg-PDL1-pos-AS-C1-R1-G07-S79-comb,Mel79
cy79-p1-CD45-neg-PDL1-neg-AS-C4-R1-G12-S180-comb,Mel79
cy79-p3-CD45-neg-PD1-pos-AS-C3-R1-B10-S310-comb,Mel79
cy79-p1-CD45-neg-PDL1-pos-AS-C1-R1-G03-S75-comb,Mel79
cy79-p1-CD45-neg-PDL1-pos-AS-C1-R1-G09-S81-comb,Mel79
cy79-p1-CD45-neg-PDL1-neg-AS-C4-R1-B04-S112-comb,Mel79
cy79-p1-CD45-neg-PDL1-pos-AS-C1-R1-C10-S34-comb,Mel79
cy79-p1-CD45-neg-PDL1-pos-AS-C1-R1-E11-S59-comb,Mel79
cy79-p1-CD45-neg-PDL1-neg-AS-C4-R1-C07-S127-comb,Mel79
cy79-p1-CD45-neg-PDL1-pos-AS-C1-R1-D10-S46-comb,Mel79
cy79-p1-CD45-neg-PDL1-pos-AS-C1-R1-G06-S78-comb,Mel79
cy79-p3-CD45-neg-PD1-pos-AS-C3-R1-H02-S374-comb,Mel79
cy79-p1-CD45-neg-PDL1-neg-AS-C4-R1-B09-S117-comb,Mel79
cy79-p1-CD45-neg-PDL1-neg-AS-C4-R1-H09-S189-comb,Mel79
cy79-p3-CD45-neg-PD1-pos-AS-C3-R1-B06-S306-comb,Mel79
cy79-p3-CD45-neg-PD1-pos-AS-C3-R1-C05-S317-comb,Mel79
cy79-p3-CD45-neg-PD1-pos-AS-C3-R1-D07-S331-comb,Mel79
cy79-p1-CD45-neg-PDL1-neg-AS-C4-R1-A10-S106-comb,Mel79
cy79-p1-CD45-neg-PDL1-pos-AS-C1-R1-G08-S80-comb,Mel79
cy79-p1-CD45-neg-PDL1-pos-AS-C1-R1-E04-S52-comb,Mel79
cy79-p3-CD45-neg-PD1-pos-AS-C3-R1-E11-S347-comb,Mel79
cy79-p1-CD45-neg-PDL1-pos-AS-C1-R1-B04-S16-comb,Mel79
cy79-p3-CD45-neg-PD1-pos-AS-C3-R1-D08-S332-comb,Mel79
cy79-p3-CD45-neg-PD1-pos-AS-C3-R1-F03-S351-comb,Mel79
cy79-p1-CD45-neg-PDL1-neg-AS-C4-R1-C05-S125-comb,Mel79
cy79-p1-CD45-neg-PDL1-pos-AS-C1-R1-E05-S53-comb,Mel79
cy79-p1-CD45-neg-PDL1-neg-AS-C4-R1-E01-S145-comb,Mel79
cy79-p1-CD45-neg-PDL1-pos-AS-C1-R1-A11-S11-comb,Mel79
cy79-p1-CD45-neg-PDL1-pos-AS-C1-R1-G05-S77-comb,Mel79
cy79-p1-CD45-neg-PDL1-pos-AS-C1-R1-G11-S83-comb,Mel79
cy79-p3-CD45-neg-PD1-pos-AS-C3-R1-G06-S366-comb,Mel79
cy79-p3-CD45-neg-PD1-pos-AS-C3-R1-G01-S361-comb,Mel79
cy79-p1-CD45-neg-PDL1-pos-AS-C1-R1-F10-S70-comb,Mel79
cy79-p1-CD45-neg-PDL1-pos-AS-C1-R1-F02-S62-comb,Mel79
cy79-p1-CD45-neg-PDL1-pos-AS-C1-R1-E02-S50-comb,Mel79
cy79-p1-CD45-neg-PDL1-neg-AS-C4-R1-C12-S132-comb,Mel79
cy79-p1-CD45-neg-PDL1-pos-AS-C1-R1-A06-S6-comb,Mel79
cy79-p1-CD45-neg-PDL1-neg-AS-C4-R1-B05-S113-comb,Mel79
cy79-p1-CD45-neg-PDL1-neg-AS-C4-R1-A02-S98-comb,Mel79
cy79-p1-CD45-neg-PDL1-neg-AS-C4-R1-G09-S177-comb,Mel79
cy79-p3-CD45-neg-PD1-pos-AS-C3-R1-D02-S326-comb,Mel79
cy79-p1-CD45-neg-PDL1-neg-AS-C4-R1-C04-S124-comb,Mel79
cy79-p1-CD45-neg-PDL1-neg-AS-C4-R1-B03-S111-comb,Mel79
cy79-p3-CD45-neg-PD1-pos-AS-C3-R1-E03-S339-comb,Mel79
cy79-p1-CD45-neg-PDL1-neg-AS-C4-R1-C06-S126-comb,Mel79
cy79-p1-CD45-neg-PDL1-neg-AS-C4-R1-C09-S129-comb,Mel79
cy79-p3-CD45-neg-PD1-pos-AS-C3-R1-C12-S324-comb,Mel79
cy79-p1-CD45-neg-PDL1-neg-AS-C4-R1-A08-S104-comb,Mel79
cy79-p1-CD45-neg-PDL1-pos-AS-C1-R1-G02-S74-comb,Mel79
cy79-p3-CD45-neg-PD1-pos-AS-C3-R1-D03-S327-comb,Mel79
cy79-p1-CD45-neg-PDL1-neg-AS-C4-R1-G07-S175-comb,Mel79
cy79-p3-CD45-neg-PD1-pos-AS-C3-R1-B12-S312-comb,Mel79
cy79-p3-CD45-neg-PD1-pos-AS-C3-R1-G11-S371-comb,Mel79
cy79-p3-CD45-neg-PD1-pos-AS-C3-R1-F08-S356-comb,Mel79
cy79-p3-CD45-neg-PD1-pos-AS-C3-R1-G03-S363-comb,Mel79
cy79-p1-CD45-neg-PDL1-neg-AS-C4-R1-F08-S164-comb,Mel79
cy79-p1-CD45-neg-PDL1-neg-AS-C4-R1-H04-S184-comb,Mel79
cy79-p3-CD45-neg-PD1-pos-AS-C3-R1-C09-S321-comb,Mel79
cy79-p1-CD45-neg-PDL1-neg-AS-C4-R1-C03-S123-comb,Mel79
cy79-p1-CD45-neg-PDL1-neg-AS-C4-R1-F12-S168-comb,Mel79
cy79-p1-CD45-neg-PDL1-neg-AS-C4-R1-B01-S109-comb,Mel79
cy79-p1-CD45-neg-PDL1-neg-AS-C4-R1-D08-S140-comb,Mel79
cy79-p1-CD45-neg-PDL1-neg-AS-C4-R1-D10-S142-comb,Mel79
cy79-p1-CD45-neg-PDL1-neg-AS-C4-R1-B06-S114-comb,Mel79
cy79-p3-CD45-neg-PD1-pos-AS-C3-R1-G10-S370-comb,Mel79
cy79-p1-CD45-neg-PDL1-pos-AS-C1-R1-B06-S18-comb,Mel79
cy79-p3-CD45-neg-PD1-pos-AS-C3-R1-C08-S320-comb,Mel79
cy79-p3-CD45-neg-PD1-pos-AS-C3-R1-F09-S357-comb,Mel79
cy79-p1-CD45-neg-PDL1-pos-AS-C1-R1-G12-S84-comb,Mel79
cy79-p3-CD45-neg-PD1-pos-AS-C3-R1-E12-S348-comb,Mel79
cy79-p1-CD45-neg-PDL1-pos-AS-C1-R1-D07-S43-comb,Mel79
cy79-p3-CD45-neg-PD1-pos-AS-C3-R1-C10-S322-comb,Mel79
cy79-p1-CD45-neg-PDL1-pos-AS-C1-R1-D11-S47-comb,Mel79
cy79-p3-CD45-neg-PD1-pos-AS-C3-R1-H06-S378-comb,Mel79
cy79-p1-CD45-neg-PDL1-neg-AS-C4-R1-G01-S169-comb,Mel79
cy79-p1-CD45-neg-PDL1-neg-AS-C4-R1-A09-S105-comb,Mel79
cy79-p1-CD45-neg-PDL1-neg-AS-C4-R1-C11-S131-comb,Mel79
cy79-p1-CD45-neg-PDL1-pos-AS-C1-R1-E06-S54-comb,Mel79
cy79-p3-CD45-neg-PD1-pos-AS-C3-R1-E06-S342-comb,Mel79
cy79-p1-CD45-neg-PDL1-pos-AS-C1-R1-A08-S8-comb,Mel79
cy79-p1-CD45-neg-PDL1-pos-AS-C1-R1-A03-S3-comb,Mel79
cy79-p1-CD45-neg-PDL1-neg-AS-C4-R1-H12-S192-comb,Mel79
cy79-p1-CD45-neg-PDL1-neg-AS-C4-R1-H06-S186-comb,Mel79
cy79-p3-CD45-neg-PD1-pos-AS-C3-R1-A03-S291-comb,Mel79
cy79-p1-CD45-neg-PDL1-pos-AS-C1-R1-C09-S33-comb,Mel79
cy79-p3-CD45-neg-PD1-pos-AS-C3-R1-E02-S338-comb,Mel79
cy79-p1-CD45-neg-PDL1-neg-AS-C4-R1-H08-S188-comb,Mel79
cy79-p1-CD45-neg-PDL1-neg-AS-C4-R1-A04-S100-comb,Mel79
cy79-p1-CD45-neg-PDL1-pos-AS-C1-R1-D01-S37-comb,Mel79
cy79-p1-CD45-neg-PDL1-pos-AS-C1-R1-C07-S31-comb,Mel79
cy79-p3-CD45-neg-PD1-pos-AS-C3-R1-C02-S314-comb,Mel79
cy79-p3-CD45-neg-PD1-pos-AS-C3-R1-G12-S372-comb,Mel79
cy79-p3-CD45-neg-PD1-pos-AS-C3-R1-F12-S360-comb,Mel79
cy79-p3-CD45-neg-PD1-pos-AS-C3-R1-E10-S346-comb,Mel79
cy79-p1-CD45-neg-PDL1-neg-AS-C4-R1-H10-S190-comb,Mel79
cy79-p1-CD45-neg-PDL1-neg-AS-C4-R1-G10-S178-comb,Mel79
cy79-p3-CD45-neg-PD1-pos-AS-C3-R1-A02-S290-comb,Mel79
cy79-p1-CD45-neg-PDL1-neg-AS-C4-R1-G03-S171-comb,Mel79
cy79-p1-CD45-neg-PDL1-pos-AS-C1-R1-E03-S51-comb,Mel79
cy79-p1-CD45-neg-PDL1-pos-AS-C1-R1-G04-S76-comb,Mel79
cy79-p1-CD45-neg-PDL1-pos-AS-C1-R1-B01-S13-comb,Mel79
cy79-p3-CD45-neg-PD1-pos-AS-C3-R1-D09-S333-comb,Mel79
cy79-p1-CD45-neg-PDL1-pos-AS-C1-R1-B05-S17-comb,Mel79
cy79-p3-CD45-neg-PD1-pos-AS-C3-R1-E09-S345-comb,Mel79
cy79-p1-CD45-neg-PDL1-pos-AS-C1-R1-D12-S48-comb,Mel79
cy79-p1-CD45-neg-PDL1-pos-AS-C1-R1-D08-S44-comb,Mel79
cy79-p1-CD45-neg-PDL1-neg-AS-C4-R1-B02-S110-comb,Mel79
cy79-p3-CD45-neg-PD1-pos-AS-C3-R1-F10-S358-comb,Mel79
cy79-p1-CD45-neg-PDL1-neg-AS-C4-R1-H02-S182-comb,Mel79
cy79-p3-CD45-neg-PD1-pos-AS-C3-R1-A06-S294-comb,Mel79
cy79-p3-CD45-neg-PD1-pos-AS-C3-R1-A12-S300-comb,Mel79
cy79-p1-CD45-neg-PDL1-pos-AS-C1-R1-F09-S69-comb,Mel79
cy79-p3-CD45-neg-PD1-pos-AS-C3-R1-G04-S364-comb,Mel79
cy79-p3-CD45-neg-PD1-pos-AS-C3-R1-G05-S365-comb,Mel79
cy79-p3-CD45-neg-PD1-pos-AS-C3-R1-B09-S309-comb,Mel79
cy79-p1-CD45-neg-PDL1-neg-AS-C4-R1-G06-S174-comb,Mel79
cy79-p1-CD45-neg-PDL1-neg-AS-C4-R1-F09-S165-comb,Mel79
cy79-p1-CD45-neg-PDL1-neg-AS-C4-R1-A05-S101-comb,Mel79
cy79-p3-CD45-neg-PD1-pos-AS-C3-R1-C06-S318-comb,Mel79
cy79-p1-CD45-neg-PDL1-pos-AS-C1-R1-C11-S35-comb,Mel79
cy79-p3-CD45-neg-PD1-pos-AS-C3-R1-B07-S307-comb,Mel79
cy79-p3-CD45-neg-PD1-pos-AS-C3-R1-D12-S336-comb,Mel79
cy79-p1-CD45-neg-PDL1-neg-AS-C4-R1-C10-S130-comb,Mel79
cy79-p1-CD45-neg-PDL1-pos-AS-C1-R1-F08-S68-comb,Mel79
cy79-p1-CD45-neg-PDL1-pos-AS-C1-R1-D06-S42-comb,Mel79
cy79-p1-CD45-neg-PDL1-pos-AS-C1-R1-E07-S55-comb,Mel79
cy79-p1-CD45-neg-PDL1-neg-AS-C4-R1-G11-S179-comb,Mel79
cy79-p3-CD45-neg-PD1-pos-AS-C3-R1-E07-S343-comb,Mel79
cy79-p1-CD45-neg-PDL1-neg-AS-C4-R1-F02-S158-comb,Mel79
cy79-p3-CD45-neg-PD1-pos-AS-C3-R1-E05-S341-comb,Mel79
cy79-p1-CD45-neg-PDL1-neg-AS-C4-R1-F10-S166-comb,Mel79
cy79-p1-CD45-neg-PDL1-pos-AS-C1-R1-C01-S25-comb,Mel79
cy79-p3-CD45-neg-PD1-pos-AS-C3-R1-H11-S383-comb,Mel79
cy79-p1-CD45-neg-PDL1-pos-AS-C1-R1-B11-S23-comb,Mel79
cy79-p1-CD45-neg-PDL1-pos-AS-C1-R1-D04-S40-comb,Mel79
cy79-p1-CD45-neg-PDL1-pos-AS-C1-R1-C02-S26-comb,Mel79
cy79-p1-CD45-neg-PDL1-neg-AS-C4-R1-D01-S133-comb,Mel79
cy79-p3-CD45-neg-PD1-pos-AS-C3-R1-A09-S297-comb,Mel79
cy79-p1-CD45-neg-PDL1-neg-AS-C4-R1-H03-S183-comb,Mel79
cy79-p3-CD45-neg-PD1-pos-AS-C3-R1-E08-S344-comb,Mel79
cy79-p1-CD45-neg-PDL1-neg-AS-C4-R1-H05-S185-comb,Mel79
cy79-p1-CD45-neg-PDL1-pos-AS-C1-R1-F01-S61-comb,Mel79
cy79-p4-CD45-neg-PDL1-neg-E11-S1115-comb,Mel79
cy79-p4-CD45-neg-PDL1-neg-H11-S1151-comb,Mel79
cy79-p5-CD45-neg-PDL1-neg-F10-S838-comb,Mel79
cy79-p5-CD45-neg-PDL1-pos-A04-S676-comb,Mel79
cy81-FNA-CD45-neg-D04-S1000-comb,Mel81
cy80-CD45-neg-G01-S937-comb,Mel80
cy79-p5-CD45-neg-PDL1-neg-A02-S770-comb,Mel79
cy79-p4-CD45-neg-PDL1-neg-D01-S1093-comb,Mel79
cy81-Bulk-CD45-neg-A10-S106-comb,Mel81
cy79-p5-CD45-neg-PDL1-neg-C03-S795-comb,Mel79
cy81-FNA-CD45-neg-B01-S973-comb,Mel81
cy79-p5-CD45-neg-PDL1-pos-D05-S713-comb,Mel79
cy79-p5-CD45-neg-PDL1-pos-B02-S686-comb,Mel79
cy79-p4-CD45-neg-PDL1-neg-B08-S1076-comb,Mel79
cy79-p4-CD45-neg-PDL1-neg-C12-S1092-comb,Mel79
cy81-Bulk-CD45-neg-G01-S169-comb,Mel81
cy81-Bulk-CD45-neg-C03-S123-comb,Mel81
cy79-p4-CD45-neg-PDL1-neg-C03-S1083-comb,Mel79
cy81-FNA-CD45-neg-C09-S993-comb,Mel81
cy80-CD45-neg-G04-S940-comb,Mel80
cy80-CD45-neg-A09-S873-comb,Mel80
cy79-p4-CD45-neg-PDL1-pos-G08-S464-comb,Mel79
cy81-FNA-CD45-neg-F09-S1029-comb,Mel81
cy80-CD45-neg-D04-S904-comb,Mel80
cy79-p4-CD45-neg-PDL1-pos-A02-S386-comb,Mel79
cy80-CD45-neg-E02-S914-comb,Mel80
cy81-FNA-CD45-neg-E04-S1012-comb,Mel81
cy81-Bulk-CD45-neg-E04-S148-comb,Mel81
cy81-Bulk-CD45-neg-C11-S131-comb,Mel81
cy81-Bulk-CD45-neg-D09-S141-comb,Mel81
cy80-CD45-neg-G02-S938-comb,Mel80
cy79-p5-CD45-neg-PDL1-neg-E02-S818-comb,Mel79
cy81-FNA-CD45-neg-F08-S1028-comb,Mel81
cy79-p5-CD45-neg-PDL1-neg-D03-S807-comb,Mel79
cy79-p4-CD45-neg-PDL1-neg-F08-S1124-comb,Mel79
cy81-FNA-CD45-neg-G12-S1044-comb,Mel81
cy79-p5-CD45-neg-PDL1-pos-A11-S683-comb,Mel79
cy79-p5-CD45-neg-PDL1-pos-G11-S755-comb,Mel79
cy79-p5-CD45-neg-PDL1-pos-C10-S706-comb,Mel79
cy80-CD45-neg-H08-S956-comb,Mel80
cy79-p5-CD45-neg-PDL1-pos-H06-S762-comb,Mel79
cy79-p4-CD45-neg-PDL1-neg-F12-S1128-comb,Mel79
cy81-Bulk-CD45-neg-E02-S146-comb,Mel81
cy80-CD45-neg-A05-S869-comb,Mel80
cy79-p4-CD45-neg-PDL1-pos-D03-S423-comb,Mel79
cy79-p4-CD45-neg-PDL1-pos-A04-S388-comb,Mel79
cy79-p5-CD45-neg-PDL1-neg-C02-S794-comb,Mel79
cy80-CD45-neg-F05-S929-comb,Mel80
cy81-FNA-CD45-neg-F06-S1026-comb,Mel81
cy79-p4-CD45-neg-PDL1-pos-C02-S410-comb,Mel79
cy79-p5-CD45-neg-PDL1-pos-C11-S707-comb,Mel79
cy79-p5-CD45-neg-PDL1-pos-F09-S741-comb,Mel79
cy79-p4-CD45-neg-PDL1-pos-E10-S442-comb,Mel79
cy79-p4-CD45-neg-PDL1-neg-B04-S1072-comb,Mel79
cy79-p4-CD45-neg-PDL1-neg-H01-S1141-comb,Mel79
cy79-p4-CD45-neg-PDL1-pos-H11-S479-comb,Mel79
cy81-FNA-CD45-neg-H09-S1053-comb,Mel81
cy79-p5-CD45-neg-PDL1-pos-E10-S730-comb,Mel79
cy79-p5-CD45-neg-PDL1-pos-G02-S746-comb,Mel79
cy79-p5-CD45-neg-PDL1-neg-G04-S844-comb,Mel79
cy79-p4-CD45-neg-PDL1-pos-B11-S407-comb,Mel79
cy81-FNA-CD45-neg-F02-S1022-comb,Mel81
cy79-p4-CD45-neg-PDL1-pos-D05-S425-comb,Mel79
cy79-p4-CD45-neg-PDL1-pos-D01-S421-comb,Mel79
cy79-p4-CD45-neg-PDL1-neg-H09-S1149-comb,Mel79
cy81-FNA-CD45-neg-B04-S976-comb,Mel81
cy79-p4-CD45-neg-PDL1-neg-F03-S1119-comb,Mel79
cy79-p4-CD45-neg-PDL1-pos-C04-S412-comb,Mel79
cy79-p5-CD45-neg-PDL1-pos-G05-S749-comb,Mel79
cy79-p4-CD45-neg-PDL1-pos-F06-S450-comb,Mel79
cy81-FNA-CD45-neg-E12-S1020-comb,Mel81
cy79-p4-CD45-neg-PDL1-neg-A12-S1068-comb,Mel79
cy79-p4-CD45-neg-PDL1-neg-B11-S1079-comb,Mel79
cy79-p5-CD45-neg-PDL1-neg-A05-S773-comb,Mel79
cy80-CD45-neg-D03-S903-comb,Mel80
cy81-Bulk-CD45-neg-E09-S153-comb,Mel81
cy79-p5-CD45-neg-PDL1-neg-F05-S833-comb,Mel79
cy80-CD45-neg-B01-S877-comb,Mel80
cy79-p5-CD45-neg-PDL1-neg-H06-S858-comb,Mel79
cy79-p4-CD45-neg-PDL1-neg-A03-S1059-comb,Mel79
cy79-p5-CD45-neg-PDL1-neg-H10-S862-comb,Mel79
cy80-CD45-neg-C09-S897-comb,Mel80
cy79-p5-CD45-neg-PDL1-pos-E03-S723-comb,Mel79
cy79-p4-CD45-neg-PDL1-pos-C12-S420-comb,Mel79
cy79-p5-CD45-neg-PDL1-pos-E08-S728-comb,Mel79
cy80-CD45-neg-D07-S907-comb,Mel80
cy79-p5-CD45-neg-PDL1-neg-H07-S859-comb,Mel79
cy79-p5-CD45-pos-PD1-pos-E02-S626-comb,Mel79
cy80-CD45-neg-A03-S867-comb,Mel80
cy79-p5-CD45-neg-PDL1-neg-G09-S849-comb,Mel79
cy79-p5-CD45-neg-PDL1-neg-C09-S801-comb,Mel79
cy80-CD45-neg-H09-S957-comb,Mel80
cy80-CD45-neg-H02-S950-comb,Mel80
cy79-p5-CD45-neg-PDL1-neg-G03-S843-comb,Mel79
cy79-p4-CD45-neg-PDL1-pos-D12-S432-comb,Mel79
cy81-Bulk-CD45-neg-C08-S128-comb,Mel81
cy79-p4-CD45-neg-PDL1-pos-A08-S392-comb,Mel79
cy80-CD45-neg-E01-S913-comb,Mel80
cy81-Bulk-CD45-neg-C04-S124-comb,Mel81
cy79-p4-CD45-neg-PDL1-pos-F11-S455-comb,Mel79
cy80-CD45-neg-H03-S951-comb,Mel80
cy81-Bulk-CD45-neg-B03-S111-comb,Mel81
cy81-Bulk-CD45-neg-E08-S152-comb,Mel81
cy79-p4-CD45-neg-PDL1-neg-D06-S1098-comb,Mel79
cy79-p4-CD45-neg-PDL1-neg-B09-S1077-comb,Mel79
cy79-p4-CD45-neg-PDL1-pos-B10-S406-comb,Mel79
cy80-CD45-neg-D10-S910-comb,Mel80
cy79-p5-CD45-neg-PDL1-pos-F02-S734-comb,Mel79
cy79-p5-CD45-neg-PDL1-neg-G07-S847-comb,Mel79
cy79-p4-CD45-neg-PDL1-neg-H03-S1143-comb,Mel79
cy79-p4-CD45-neg-PDL1-neg-H10-S1150-comb,Mel79
cy79-p4-CD45-neg-PDL1-pos-D02-S422-comb,Mel79
cy79-p4-CD45-neg-PDL1-pos-A11-S395-comb,Mel79
cy79-p4-CD45-neg-PDL1-neg-G07-S1135-comb,Mel79
cy79-p4-CD45-neg-PDL1-pos-C10-S418-comb,Mel79
cy79-p4-CD45-neg-PDL1-pos-E02-S434-comb,Mel79
cy79-p4-CD45-neg-PDL1-pos-F09-S453-comb,Mel79
cy80-CD45-neg-D09-S909-comb,Mel80
cy79-p4-CD45-neg-PDL1-neg-C11-S1091-comb,Mel79
cy79-p5-CD45-neg-PDL1-pos-B04-S688-comb,Mel79
cy81-Bulk-CD45-neg-F05-S161-comb,Mel81
cy79-p5-CD45-neg-PDL1-pos-E06-S726-comb,Mel79
cy81-FNA-CD45-neg-G03-S1035-comb,Mel81
cy79-p5-CD45-neg-PDL1-neg-F11-S839-comb,Mel79
cy79-p5-CD45-neg-PDL1-neg-F02-S830-comb,Mel79
cy81-FNA-CD45-neg-G09-S1041-comb,Mel81
cy79-p4-CD45-neg-PDL1-pos-G03-S459-comb,Mel79
cy79-p5-CD45-neg-PDL1-neg-A12-S780-comb,Mel79
cy79-p4-CD45-neg-PDL1-neg-A08-S1064-comb,Mel79
cy80-CD45-neg-D11-S911-comb,Mel80
cy79-p4-CD45-neg-PDL1-neg-E01-S1105-comb,Mel79
cy79-p4-CD45-neg-PDL1-neg-B03-S1071-comb,Mel79
cy79-p5-CD45-neg-PDL1-neg-A11-S779-comb,Mel79
cy79-p4-CD45-neg-PDL1-neg-D04-S1096-comb,Mel79
cy80-CD45-neg-E06-S918-comb,Mel80
cy79-p5-CD45-neg-PDL1-pos-H03-S759-comb,Mel79
cy79-p5-CD45-neg-PDL1-neg-A07-S775-comb,Mel79
cy79-p4-CD45-neg-PDL1-pos-C05-S413-comb,Mel79
cy79-p4-CD45-neg-PDL1-pos-D08-S428-comb,Mel79
cy79-p5-CD45-neg-PDL1-pos-H11-S767-comb,Mel79
cy80-CD45-neg-B04-S880-comb,Mel80
cy79-p4-CD45-neg-PDL1-neg-B10-S1078-comb,Mel79
cy81-FNA-CD45-neg-F12-S1032-comb,Mel81
cy79-p4-CD45-neg-PDL1-neg-F02-S1118-comb,Mel79
cy79-p5-CD45-neg-PDL1-pos-G03-S747-comb,Mel79
cy79-p4-CD45-neg-PDL1-pos-A12-S396-comb,Mel79
cy79-p5-CD45-neg-PDL1-pos-H10-S766-comb,Mel79
cy80-CD45-neg-D01-S901-comb,Mel80
cy80-CD45-neg-C02-S890-comb,Mel80
cy80-CD45-neg-E10-S922-comb,Mel80
cy79-p4-CD45-neg-PDL1-neg-H04-S1144-comb,Mel79
cy79-p4-CD45-neg-PDL1-neg-C02-S1082-comb,Mel79
cy79-p4-CD45-neg-PDL1-pos-C11-S419-comb,Mel79
cy79-p4-CD45-neg-PDL1-neg-G03-S1131-comb,Mel79
cy79-p4-CD45-neg-PDL1-neg-F07-S1123-comb,Mel79
cy79-p4-CD45-neg-PDL1-neg-C09-S1089-comb,Mel79
cy79-p5-CD45-neg-PDL1-neg-D10-S814-comb,Mel79
cy81-Bulk-CD45-neg-G04-S172-comb,Mel81
cy79-p5-CD45-neg-PDL1-neg-F08-S836-comb,Mel79
cy79-p4-CD45-neg-PDL1-neg-D11-S1103-comb,Mel79
cy79-p4-CD45-neg-PDL1-neg-F09-S1125-comb,Mel79
cy79-p5-CD45-neg-PDL1-pos-G07-S751-comb,Mel79
cy81-Bulk-CD45-neg-G07-S175-comb,Mel81
cy79-p5-CD45-neg-PDL1-pos-G04-S748-comb,Mel79
cy79-p4-CD45-neg-PDL1-pos-B06-S402-comb,Mel79
cy79-p5-CD45-neg-PDL1-pos-F05-S737-comb,Mel79
cy79-p4-CD45-neg-PDL1-neg-A11-S1067-comb,Mel79
cy79-p4-CD45-neg-PDL1-neg-G06-S1134-comb,Mel79
cy80-CD45-neg-C03-S891-comb,Mel80
cy79-p5-CD45-neg-PDL1-pos-B09-S693-comb,Mel79
cy79-p5-CD45-neg-PDL1-neg-D05-S809-comb,Mel79
cy79-p5-CD45-neg-PDL1-neg-C04-S796-comb,Mel79
cy79-p4-CD45-neg-PDL1-neg-G12-S1140-comb,Mel79
cy80-CD45-neg-F01-S925-comb,Mel80
cy81-Bulk-CD45-neg-G06-S174-comb,Mel81
cy79-p4-CD45-neg-PDL1-pos-G04-S460-comb,Mel79
cy79-p5-CD45-neg-PDL1-pos-F10-S742-comb,Mel79
cy80-CD45-neg-D02-S902-comb,Mel80
cy79-p4-CD45-neg-PDL1-pos-B03-S399-comb,Mel79
cy80-CD45-neg-B08-S884-comb,Mel80
cy79-p5-CD45-neg-PDL1-pos-D09-S717-comb,Mel79
cy80-CD45-neg-F08-S932-comb,Mel80
cy81-FNA-CD45-neg-E09-S1017-comb,Mel81
cy79-p5-CD45-neg-PDL1-pos-C04-S700-comb,Mel79
cy79-p4-CD45-neg-PDL1-pos-D09-S429-comb,Mel79
cy79-p4-CD45-neg-PDL1-pos-H05-S473-comb,Mel79
cy80-CD45-neg-E05-S917-comb,Mel80
cy79-p4-CD45-neg-PDL1-pos-C06-S414-comb,Mel79
cy81-Bulk-CD45-neg-H12-S192-comb,Mel81
cy81-FNA-CD45-neg-D01-S997-comb,Mel81
cy79-p5-CD45-neg-PDL1-pos-H09-S765-comb,Mel79
cy79-p4-CD45-neg-PDL1-neg-C08-S1088-comb,Mel79
cy79-p5-CD45-neg-PDL1-neg-A09-S777-comb,Mel79
cy81-FNA-CD45-neg-D03-S999-comb,Mel81
cy81-FNA-CD45-neg-E06-S1014-comb,Mel81
cy79-p4-CD45-neg-PDL1-pos-B07-S403-comb,Mel79
cy81-FNA-CD45-neg-C11-S995-comb,Mel81
cy80-CD45-neg-B03-S879-comb,Mel80
cy79-p4-CD45-neg-PDL1-pos-A06-S390-comb,Mel79
cy79-p4-CD45-neg-PDL1-neg-H05-S1145-comb,Mel79
cy79-p4-CD45-neg-PDL1-neg-E09-S1113-comb,Mel79
cy81-Bulk-CD45-neg-D01-S133-comb,Mel81
cy79-p5-CD45-neg-PDL1-neg-G08-S848-comb,Mel79
cy79-p4-CD45-neg-PDL1-pos-F04-S448-comb,Mel79
cy79-p4-CD45-neg-PDL1-neg-D08-S1100-comb,Mel79
cy81-Bulk-CD45-neg-B02-S110-comb,Mel81
cy80-CD45-neg-A06-S870-comb,Mel80
cy79-p4-CD45-neg-PDL1-pos-B12-S408-comb,Mel79
cy79-p4-CD45-neg-PDL1-pos-G09-S465-comb,Mel79
cy81-Bulk-CD45-neg-B04-S112-comb,Mel81
cy79-p5-CD45-neg-PDL1-neg-H11-S863-comb,Mel79
cy79-p5-CD45-neg-PDL1-neg-D02-S806-comb,Mel79
cy79-p5-CD45-neg-PDL1-neg-B07-S787-comb,Mel79
cy79-p4-CD45-neg-PDL1-pos-F01-S445-comb,Mel79
cy81-FNA-CD45-neg-D12-S1008-comb,Mel81
cy79-p5-CD45-neg-PDL1-neg-A08-S776-comb,Mel79
cy79-p4-CD45-neg-PDL1-neg-B12-S1080-comb,Mel79
cy79-p4-CD45-neg-PDL1-neg-G02-S1130-comb,Mel79
cy79-p5-CD45-neg-PDL1-pos-C05-S701-comb,Mel79
cy81-FNA-CD45-neg-E08-S1016-comb,Mel81
cy81-Bulk-CD45-neg-A07-S103-comb,Mel81
cy79-p5-CD45-neg-PDL1-pos-E01-S721-comb,Mel79
cy81-Bulk-CD45-neg-H07-S187-comb,Mel81
cy79-p4-CD45-neg-PDL1-neg-A10-S1066-comb,Mel79
cy79-p4-CD45-neg-PDL1-pos-G10-S466-comb,Mel79
cy79-p4-CD45-neg-PDL1-pos-F10-S454-comb,Mel79
cy81-FNA-CD45-neg-E01-S1009-comb,Mel81
cy79-p5-CD45-neg-PDL1-pos-G06-S750-comb,Mel79
cy81-FNA-CD45-neg-F01-S1021-comb,Mel81
cy79-p5-CD45-neg-PDL1-pos-C02-S698-comb,Mel79
cy79-p4-CD45-neg-PDL1-neg-A02-S1058-comb,Mel79
cy79-p5-CD45-neg-PDL1-pos-D07-S715-comb,Mel79
cy81-FNA-CD45-neg-H02-S1046-comb,Mel81
cy81-FNA-CD45-neg-B03-S975-comb,Mel81
cy81-Bulk-CD45-neg-H02-S182-comb,Mel81
cy80-CD45-neg-A10-S874-comb,Mel80
cy79-p5-CD45-neg-PDL1-neg-E04-S820-comb,Mel79
cy81-FNA-CD45-neg-E10-S1018-comb,Mel81
cy79-p4-CD45-neg-PDL1-pos-G02-S458-comb,Mel79
cy79-p5-CD45-neg-PDL1-pos-B08-S692-comb,Mel79
cy81-FNA-CD45-neg-H10-S1054-comb,Mel81
cy79-p4-CD45-neg-PDL1-neg-H07-S1147-comb,Mel79
cy79-p5-CD45-neg-PDL1-pos-F03-S735-comb,Mel79
cy79-p5-CD45-neg-PDL1-pos-B12-S696-comb,Mel79
cy79-p5-CD45-neg-PDL1-neg-D08-S812-comb,Mel79
cy81-FNA-CD45-neg-H11-S1055-comb,Mel81
cy79-p4-CD45-neg-PDL1-neg-F04-S1120-comb,Mel79
cy79-p5-CD45-neg-PDL1-pos-D10-S718-comb,Mel79
cy79-p4-CD45-neg-PDL1-neg-H02-S1142-comb,Mel79
cy79-p4-CD45-neg-PDL1-pos-B09-S405-comb,Mel79
cy79-p5-CD45-neg-PDL1-pos-B11-S695-comb,Mel79
cy79-p5-CD45-neg-PDL1-pos-G08-S752-comb,Mel79
cy79-p5-CD45-neg-PDL1-neg-H08-S860-comb,Mel79
cy79-p4-CD45-neg-PDL1-pos-E07-S439-comb,Mel79
cy79-p4-CD45-neg-PDL1-pos-A05-S389-comb,Mel79
cy80-CD45-neg-C11-S899-comb,Mel80
cy80-CD45-neg-C07-S895-comb,Mel80
cy79-p5-CD45-neg-PDL1-pos-A08-S680-comb,Mel79
cy79-p4-CD45-neg-PDL1-pos-B01-S397-comb,Mel79
cy79-p4-CD45-neg-PDL1-pos-G01-S457-comb,Mel79
cy79-p5-CD45-neg-PDL1-pos-F07-S739-comb,Mel79
cy79-p4-CD45-neg-PDL1-pos-F08-S452-comb,Mel79
cy79-p5-CD45-neg-PDL1-neg-F09-S837-comb,Mel79
cy81-Bulk-CD45-neg-E11-S155-comb,Mel81
cy80-CD45-neg-B02-S878-comb,Mel80
cy79-p4-CD45-neg-PDL1-pos-E04-S436-comb,Mel79
cy79-p5-CD45-neg-PDL1-pos-E12-S732-comb,Mel79
cy80-CD45-neg-B12-S888-comb,Mel80
cy79-p4-CD45-neg-PDL1-neg-D10-S1102-comb,Mel79
cy81-FNA-CD45-neg-C07-S991-comb,Mel81
cy79-p4-CD45-neg-PDL1-neg-G11-S1139-comb,Mel79
cy80-CD45-neg-B10-S886-comb,Mel80
cy80-CD45-neg-A07-S871-comb,Mel80
cy79-p4-CD45-neg-PDL1-neg-B06-S1074-comb,Mel79
cy80-CD45-neg-E04-S916-comb,Mel80
cy79-p4-CD45-neg-PDL1-pos-B04-S400-comb,Mel79
cy81-Bulk-CD45-neg-D05-S137-comb,Mel81
cy80-CD45-neg-C01-S889-comb,Mel80
cy81-Bulk-CD45-neg-E10-S154-comb,Mel81
cy81-Bulk-CD45-neg-H11-S191-comb,Mel81
cy79-p5-CD45-neg-PDL1-pos-H12-S768-comb,Mel79
cy79-p4-CD45-neg-PDL1-neg-A04-S1060-comb,Mel79
cy79-p4-CD45-neg-PDL1-neg-C05-S1085-comb,Mel79
cy81-Bulk-CD45-neg-D10-S142-comb,Mel81
cy79-p4-CD45-neg-PDL1-neg-B05-S1073-comb,Mel79
cy79-p5-CD45-neg-PDL1-pos-D02-S710-comb,Mel79
cy79-p4-CD45-neg-PDL1-neg-G09-S1137-comb,Mel79
cy81-Bulk-CD45-neg-F02-S158-comb,Mel81
cy79-p5-CD45-neg-PDL1-neg-C12-S804-comb,Mel79
cy79-p4-CD45-neg-PDL1-neg-G05-S1133-comb,Mel79
cy79-p4-CD45-neg-PDL1-neg-E03-S1107-comb,Mel79
cy81-FNA-CD45-neg-G07-S1039-comb,Mel81
cy80-CD45-neg-A12-S876-comb,Mel80
cy81-FNA-CD45-neg-G05-S1037-comb,Mel81
cy79-p5-CD45-neg-PDL1-neg-G02-S842-comb,Mel79
cy81-Bulk-CD45-neg-H03-S183-comb,Mel81
cy79-p5-CD45-neg-PDL1-neg-A10-S778-comb,Mel79
cy79-p4-CD45-neg-PDL1-pos-E06-S438-comb,Mel79
cy79-p5-CD45-neg-PDL1-neg-H12-S864-comb,Mel79
cy79-p4-CD45-neg-PDL1-pos-F05-S449-comb,Mel79
cy79-p5-CD45-neg-PDL1-pos-H02-S758-comb,Mel79
cy79-p5-CD45-neg-PDL1-pos-G10-S754-comb,Mel79
cy79-p4-CD45-neg-PDL1-pos-E09-S441-comb,Mel79
cy79-p4-CD45-neg-PDL1-pos-D06-S426-comb,Mel79
cy79-p4-CD45-neg-PDL1-pos-C07-S415-comb,Mel79
cy79-p5-CD45-neg-PDL1-neg-E03-S819-comb,Mel79
cy79-p5-CD45-neg-PDL1-pos-F06-S738-comb,Mel79
cy79-p4-CD45-neg-PDL1-pos-C09-S417-comb,Mel79
cy79-p5-CD45-neg-PDL1-neg-H05-S857-comb,Mel79
cy79-p4-CD45-neg-PDL1-pos-E11-S443-comb,Mel79
cy79-p5-CD45-neg-PDL1-neg-A03-S771-comb,Mel79
cy80-CD45-neg-G06-S942-comb,Mel80
cy79-p5-CD45-neg-PDL1-neg-E06-S822-comb,Mel79
cy79-p5-CD45-neg-PDL1-pos-E02-S722-comb,Mel79
cy80-CD45-neg-G09-S945-comb,Mel80
cy79-p4-CD45-neg-PDL1-neg-F11-S1127-comb,Mel79
cy79-p5-CD45-neg-PDL1-neg-D07-S811-comb,Mel79
cy79-p5-CD45-neg-PDL1-pos-D03-S711-comb,Mel79
cy79-p5-CD45-neg-PDL1-neg-B11-S791-comb,Mel79
cy79-p5-CD45-neg-PDL1-pos-E07-S727-comb,Mel79
cy81-FNA-CD45-neg-B07-S979-comb,Mel81
cy79-p5-CD45-neg-PDL1-pos-C12-S708-comb,Mel79
cy81-Bulk-CD45-neg-H08-S188-comb,Mel81
cy79-p4-CD45-neg-PDL1-neg-B01-S1069-comb,Mel79
cy79-p5-CD45-neg-PDL1-pos-H07-S763-comb,Mel79
cy80-CD45-neg-F11-S935-comb,Mel80
cy79-p4-CD45-neg-PDL1-pos-B02-S398-comb,Mel79
cy79-p4-CD45-neg-PDL1-pos-E03-S435-comb,Mel79
cy81-Bulk-CD45-neg-C01-S121-comb,Mel81
cy80-CD45-neg-E09-S921-comb,Mel80
cy80-CD45-neg-G08-S944-comb,Mel80
cy79-p4-CD45-neg-PDL1-neg-E05-S1109-comb,Mel79
cy81-Bulk-CD45-neg-A02-S98-comb,Mel81
cy81-Bulk-CD45-neg-E12-S156-comb,Mel81
cy79-p4-CD45-neg-PDL1-pos-A09-S393-comb,Mel79
cy79-p4-CD45-neg-PDL1-neg-F06-S1122-comb,Mel79
cy79-p4-CD45-neg-PDL1-neg-D02-S1094-comb,Mel79
cy81-FNA-CD45-neg-C06-S990-comb,Mel81
cy81-FNA-CD45-neg-H03-S1047-comb,Mel81
cy79-p5-CD45-neg-PDL1-neg-G01-S841-comb,Mel79
cy79-p5-CD45-neg-PDL1-pos-B05-S689-comb,Mel79
cy79-p5-CD45-neg-PDL1-pos-C07-S703-comb,Mel79
cy79-p4-CD45-neg-PDL1-pos-C01-S409-comb,Mel79
cy79-p4-CD45-neg-PDL1-pos-D10-S430-comb,Mel79
cy81-Bulk-CD45-neg-E07-S151-comb,Mel81
cy80-CD45-pos-PD1-pos-D09-S141-comb,Mel80
cy79-p3-CD45-neg-PDL1-neg-E04-S244-comb,Mel79
cy79-p3-CD45-neg-PDL1-neg-F04-S256-comb,Mel79
cy79-p3-CD45-neg-PDL1-neg-H12-S288-comb,Mel79
cy79-p3-CD45-neg-PDL1-neg-A08-S200-comb,Mel79
cy79-p3-CD45-neg-PDL1-neg-H04-S280-comb,Mel79
cy79-p3-CD45-neg-PDL1-neg-F09-S261-comb,Mel79
cy79-p3-CD45-neg-PDL1-neg-F08-S260-comb,Mel79
cy79-p3-CD45-neg-PDL1-neg-G03-S267-comb,Mel79
cy79-p3-CD45-neg-PDL1-neg-H10-S286-comb,Mel79
cy79-p3-CD45-neg-PDL1-neg-C07-S223-comb,Mel79
cy79-p3-CD45-neg-PDL1-neg-D09-S237-comb,Mel79
cy79-p3-CD45-neg-PDL1-neg-E05-S245-comb,Mel79
cy79-p3-CD45-neg-PDL1-neg-B11-S215-comb,Mel79
cy79-p3-CD45-neg-PDL1-neg-B06-S210-comb,Mel79
cy79-p3-CD45-neg-PDL1-neg-F07-S259-comb,Mel79
cy79-p3-CD45-neg-PDL1-neg-A11-S203-comb,Mel79
cy79-p3-CD45-neg-PDL1-neg-B03-S207-comb,Mel79
cy79-p3-CD45-neg-PDL1-neg-E01-S241-comb,Mel79
cy79-p3-CD45-neg-PDL1-neg-C10-S226-comb,Mel79
cy79-p3-CD45-neg-PDL1-neg-C09-S225-comb,Mel79
cy79-p3-CD45-neg-PDL1-neg-B09-S213-comb,Mel79
cy79-p3-CD45-neg-PDL1-neg-H02-S278-comb,Mel79
cy79-p3-CD45-neg-PDL1-neg-C02-S218-comb,Mel79
cy79-p3-CD45-neg-PDL1-neg-B07-S211-comb,Mel79
cy79-p3-CD45-neg-PDL1-neg-F03-S255-comb,Mel79
cy79-p3-CD45-neg-PDL1-neg-G12-S276-comb,Mel79
cy79-p3-CD45-neg-PDL1-neg-C03-S219-comb,Mel79
cy79-p3-CD45-neg-PDL1-neg-H05-S281-comb,Mel79
cy79-p3-CD45-neg-PDL1-neg-H01-S277-comb,Mel79
cy79-p3-CD45-neg-PDL1-neg-C01-S217-comb,Mel79
cy79-p3-CD45-neg-PDL1-neg-H07-S283-comb,Mel79
cy79-p3-CD45-neg-PDL1-neg-D08-S236-comb,Mel79
cy79-p3-CD45-neg-PDL1-neg-H11-S287-comb,Mel79
cy79-p3-CD45-neg-PDL1-neg-F02-S254-comb,Mel79
cy79-p3-CD45-neg-PDL1-neg-D07-S235-comb,Mel79
cy79-p3-CD45-neg-PDL1-neg-D05-S233-comb,Mel79
cy79-p3-CD45-neg-PDL1-neg-E12-S252-comb,Mel79
cy79-p3-CD45-neg-PDL1-neg-B10-S214-comb,Mel79
cy79-p3-CD45-neg-PDL1-neg-B08-S212-comb,Mel79
cy79-p3-CD45-neg-PDL1-neg-G01-S265-comb,Mel79
cy79-p3-CD45-neg-PDL1-neg-C04-S220-comb,Mel79
cy79-p3-CD45-neg-PDL1-neg-F11-S263-comb,Mel79
cy79-p3-CD45-neg-PDL1-neg-D01-S229-comb,Mel79
cy79-p3-CD45-neg-PDL1-neg-E02-S242-comb,Mel79
cy79-p3-CD45-neg-PDL1-neg-D11-S239-comb,Mel79
cy79-p3-CD45-neg-PDL1-neg-F05-S257-comb,Mel79
cy79-p3-CD45-neg-PDL1-neg-D12-S240-comb,Mel79
cy79-p3-CD45-neg-PDL1-neg-B01-S205-comb,Mel79
cy79-p3-CD45-neg-PDL1-neg-C12-S228-comb,Mel79
cy79-p3-CD45-neg-PDL1-neg-G05-S269-comb,Mel79
cy79-p3-CD45-neg-PDL1-neg-G10-S274-comb,Mel79
cy79-p3-CD45-neg-PDL1-neg-D02-S230-comb,Mel79
cy79-p3-CD45-neg-PDL1-neg-B12-S216-comb,Mel79
cy79-p3-CD45-neg-PDL1-neg-A09-S201-comb,Mel79
CY80-neg-D12-S48-comb,Mel80
CY80-neg-D03-S39-comb,Mel80
CY80-neg-B08-S20-comb,Mel80
CY80-neg-F11-S71-comb,Mel80
CY80-neg-F01-S61-comb,Mel80
CY80-neg-G02-S74-comb,Mel80
CY80-neg-B09-S21-comb,Mel80
CY80-neg-B12-S24-comb,Mel80
CY80-neg-B11-S23-comb,Mel80
CY80-neg-H12-S96-comb,Mel80
CY80-neg-B01-S13-comb,Mel80
CY80-neg-G10-S82-comb,Mel80
CY80-neg-B04-S16-comb,Mel80
CY80-neg-D10-S46-comb,Mel80
CY80-neg-D09-S45-comb,Mel80
CY80-neg-F09-S69-comb,Mel80
CY80-neg-H02-S86-comb,Mel80
CY80-neg-B03-S15-comb,Mel80
CY80-neg-H07-S91-comb,Mel80
CY80-neg-E11-S59-comb,Mel80
CY80-neg-F06-S66-comb,Mel80
CY80-neg-H05-S89-comb,Mel80
CY80-neg-H08-S92-comb,Mel80
CY80-neg-H11-S95-comb,Mel80
CY80-neg-H01-S85-comb,Mel80
CY80-neg-E08-S56-comb,Mel80
CY80-neg-F05-S65-comb,Mel80
CY80-neg-C08-S32-comb,Mel80
CY80-neg-D02-S38-comb,Mel80
CY80-neg-D11-S47-comb,Mel80
CY80-neg-C12-S36-comb,Mel80
CY80-neg-F10-S70-comb,Mel80
CY80-neg-D01-S37-comb,Mel80
CY80-neg-D07-S43-comb,Mel80
CY80-neg-E02-S50-comb,Mel80
cy78-CD45-neg-1-B04-S496-comb,Mel78
cy78-CD45-neg-3-H06-S762-comb,Mel78
cy78-CD45-neg-1-D07-S523-comb,Mel78
cy78-CD45-neg-3-D01-S709-comb,Mel78
cy78-CD45-neg-2-B08-S596-comb,Mel78
cy78-CD45-neg-1-E02-S530-comb,Mel78
cy78-CD45-neg-3-B02-S686-comb,Mel78
cy78-CD45-neg-3-D04-S712-comb,Mel78
cy78-CD45-neg-3-E02-S722-comb,Mel78
cy78-CD45-neg-3-D10-S718-comb,Mel78
cy78-CD45-neg-1-G05-S557-comb,Mel78
cy78-CD45-neg-3-G11-S755-comb,Mel78
cy78-CD45-neg-1-H01-S565-comb,Mel78
cy78-CD45-neg-1-C02-S506-comb,Mel78
cy78-CD45-neg-1-A05-S485-comb,Mel78
cy78-CD45-neg-1-E03-S531-comb,Mel78
cy78-CD45-neg-1-E07-S535-comb,Mel78
cy78-CD45-neg-2-C06-S606-comb,Mel78
cy78-CD45-neg-3-G02-S746-comb,Mel78
cy78-CD45-neg-1-B02-S494-comb,Mel78
cy78-CD45-neg-1-H07-S571-comb,Mel78
cy78-CD45-neg-1-F06-S546-comb,Mel78
cy78-CD45-neg-1-A04-S484-comb,Mel78
cy78-CD45-neg-1-H08-S572-comb,Mel78
cy78-CD45-neg-1-F02-S542-comb,Mel78
cy78-CD45-neg-3-G07-S751-comb,Mel78
cy78-CD45-neg-1-F10-S550-comb,Mel78
cy78-CD45-neg-3-E05-S725-comb,Mel78
cy78-CD45-neg-1-H04-S568-comb,Mel78
cy78-CD45-neg-3-G09-S753-comb,Mel78
cy78-CD45-neg-1-B08-S500-comb,Mel78
cy78-CD45-neg-3-D07-S715-comb,Mel78
cy78-CD45-neg-1-A03-S483-comb,Mel78
cy78-CD45-neg-1-F08-S548-comb,Mel78
cy78-CD45-neg-3-D08-S716-comb,Mel78
cy78-CD45-neg-2-C05-S605-comb,Mel78
cy78-CD45-neg-1-G04-S556-comb,Mel78
cy78-CD45-neg-1-D05-S521-comb,Mel78
cy78-CD45-neg-1-C10-S514-comb,Mel78
cy78-CD45-neg-3-D09-S717-comb,Mel78
cy78-CD45-neg-3-B08-S692-comb,Mel78
cy78-CD45-neg-3-C09-S705-comb,Mel78
cy78-CD45-neg-1-H02-S566-comb,Mel78
cy84-Primary-CD45-neg-G07-S1039-comb,Mel84
cy84-Primary-CD45-neg-A03-S963-comb,Mel84
cy84-Primary-CD45-neg-E12-S1020-comb,Mel84
cy78-CD45-neg-1-F05-S545-comb,Mel78
cy78-CD45-neg-3-F12-S744-comb,Mel78
cy78-CD45-neg-3-A05-S677-comb,Mel78
cy78-CD45-neg-1-D09-S525-comb,Mel78
cy78-CD45-neg-1-D12-S528-comb,Mel78
cy78-CD45-neg-3-C01-S697-comb,Mel78
cy78-CD45-neg-3-F07-S739-comb,Mel78
cy78-CD45-neg-3-A12-S684-comb,Mel78
cy78-CD45-neg-2-A12-S588-comb,Mel78
cy78-CD45-neg-1-D01-S517-comb,Mel78
cy78-CD45-neg-3-B01-S685-comb,Mel78
cy78-CD45-neg-1-B11-S503-comb,Mel78
cy78-CD45-neg-2-B10-S598-comb,Mel78
cy78-CD45-neg-1-B06-S498-comb,Mel78
cy78-CD45-neg-1-H03-S567-comb,Mel78
cy78-CD45-neg-3-E07-S727-comb,Mel78
cy78-CD45-neg-1-G12-S564-comb,Mel78
cy84-Primary-CD45-neg-E05-S1013-comb,Mel84
cy78-CD45-neg-3-H02-S758-comb,Mel78
cy78-CD45-neg-3-F09-S741-comb,Mel78
cy78-CD45-neg-1-A11-S491-comb,Mel78
cy78-CD45-neg-2-C07-S607-comb,Mel78
cy78-CD45-neg-3-F05-S737-comb,Mel78
cy78-CD45-neg-3-F01-S733-comb,Mel78
cy78-CD45-neg-1-C01-S505-comb,Mel78
cy78-CD45-neg-2-A05-S581-comb,Mel78
cy78-CD45-neg-1-H05-S569-comb,Mel78
cy78-CD45-neg-3-F04-S736-comb,Mel78
cy78-CD45-neg-3-E06-S726-comb,Mel78
cy78-CD45-neg-3-F03-S735-comb,Mel78
cy78-CD45-neg-3-C04-S700-comb,Mel78
cy78-CD45-neg-1-C06-S510-comb,Mel78
cy84-Primary-CD45-neg-A10-S970-comb,Mel84
cy78-CD45-neg-3-G10-S754-comb,Mel78
cy78-CD45-neg-3-H04-S760-comb,Mel78
cy78-CD45-neg-1-D04-S520-comb,Mel78
cy78-CD45-neg-3-A11-S683-comb,Mel78
cy78-CD45-neg-2-B05-S593-comb,Mel78
cy78-CD45-neg-3-B10-S694-comb,Mel78
cy78-CD45-neg-3-G08-S752-comb,Mel78
cy78-CD45-neg-1-C05-S509-comb,Mel78
cy78-CD45-neg-3-D11-S719-comb,Mel78
cy78-CD45-neg-3-B05-S689-comb,Mel78
cy78-CD45-neg-3-G03-S747-comb,Mel78
cy84-Primary-CD45-neg-H02-S1046-comb,Mel84
cy78-CD45-neg-1-B12-S504-comb,Mel78
cy78-CD45-neg-2-A10-S586-comb,Mel78
cy78-CD45-neg-3-F10-S742-comb,Mel78
cy78-CD45-neg-3-A09-S681-comb,Mel78
cy78-CD45-neg-1-A06-S486-comb,Mel78
cy78-CD45-neg-1-F11-S551-comb,Mel78
cy84-Primary-CD45-neg-H07-S1051-comb,Mel84
cy78-CD45-neg-3-D12-S720-comb,Mel78
cy78-CD45-neg-3-A03-S675-comb,Mel78
cy78-CD45-neg-1-C07-S511-comb,Mel78
cy78-CD45-neg-3-D06-S714-comb,Mel78
cy78-CD45-neg-3-C10-S706-comb,Mel78
cy78-CD45-neg-3-C03-S699-comb,Mel78
cy78-CD45-neg-3-H08-S764-comb,Mel78
cy78-CD45-neg-3-B04-S688-comb,Mel78
cy84-Primary-CD45-neg-A07-S967-comb,Mel84
cy84-Primary-CD45-neg-F05-S1025-comb,Mel84
cy78-CD45-neg-3-A08-S680-comb,Mel78
cy78-CD45-neg-3-F08-S740-comb,Mel78
cy84-Primary-CD45-neg-H12-S1056-comb,Mel84
cy78-CD45-neg-3-G06-S750-comb,Mel78
cy78-CD45-neg-3-E10-S730-comb,Mel78
cy78-CD45-neg-1-G01-S553-comb,Mel78
cy78-CD45-neg-3-B11-S695-comb,Mel78
cy78-CD45-neg-1-F07-S547-comb,Mel78
cy78-CD45-neg-1-C03-S507-comb,Mel78
cy78-CD45-neg-1-D06-S522-comb,Mel78
cy78-CD45-neg-3-F11-S743-comb,Mel78
cy78-CD45-neg-3-A07-S679-comb,Mel78
cy78-CD45-neg-1-H10-S574-comb,Mel78
cy78-CD45-neg-1-G02-S554-comb,Mel78
cy78-CD45-neg-3-E12-S732-comb,Mel78
cy78-CD45-neg-3-A10-S682-comb,Mel78
cy78-CD45-neg-1-E09-S537-comb,Mel78
cy78-CD45-neg-1-C04-S508-comb,Mel78
cy78-CD45-neg-3-A04-S676-comb,Mel78
cy78-CD45-neg-3-G12-S756-comb,Mel78
cy84-Primary-CD45-neg-D05-S1001-comb,Mel84
cy78-CD45-neg-3-E04-S724-comb,Mel78
cy78-CD45-neg-3-H09-S765-comb,Mel78
CY88_5_B10_S694_comb,Mel88
CY88_3_D02_S614_comb,Mel88
CY88_5_B06_S690_comb,Mel88
CY88_3_F01_S637_comb,Mel88
CY88_3_C01_S601_comb,Mel88
CY88_5_C12_S708_comb,Mel88
CY88_5_G04_S748_comb,Mel88
CY88_3_F05_S641_comb,Mel88
CY88_3_H11_S671_comb,Mel88
CY88_3_C10_S610_comb,Mel88
CY88_5_D11_S719_comb,Mel88
CY88_5_H03_S759_comb,Mel88
CY88_5_E04_S724_comb,Mel88
CY88_3_D07_S619_comb,Mel88
CY88_3_G09_S657_comb,Mel88
CY88_5_H08_S764_comb,Mel88
CY88_3_B04_S592_comb,Mel88
CY88_3_A10_S586_comb,Mel88
CY88_5_B12_S696_comb,Mel88
CY88_3_H10_S670_comb,Mel88
CY88_5_H05_S761_comb,Mel88
CY88_5_D08_S716_comb,Mel88
CY88_3_B12_S600_comb,Mel88
CY88_5_D10_S718_comb,Mel88
CY88_3_C12_S612_comb,Mel88
CY88_3_C08_S608_comb,Mel88
CY88_5_E02_S722_comb,Mel88
CY88_3_G07_S655_comb,Mel88
CY88_5_F11_S743_comb,Mel88
CY88_5_C09_S705_comb,Mel88
CY88_5_B03_S687_comb,Mel88
CY88_5_B07_S691_comb,Mel88
CY88_5_B01_S685_comb,Mel88
CY88_3_E10_S634_comb,Mel88
CY88_5_C08_S704_comb,Mel88
CY88_5_F05_S737_comb,Mel88
CY88_5_C05_S701_comb,Mel88
CY88_3_G11_S659_comb,Mel88
CY88_3_D03_S615_comb,Mel88
CY88_3_D09_S621_comb,Mel88
CY88_3_A07_S583_comb,Mel88
CY88_5_C02_S698_comb,Mel88
CY88_3_A02_S578_comb,Mel88
CY88_3_B08_S596_comb,Mel88
CY88_3_G03_S651_comb,Mel88
CY88_3_H08_S668_comb,Mel88
CY88_5_A05_S677_comb,Mel88
CY88_3_B09_S597_comb,Mel88
CY88_5_C01_S697_comb,Mel88
CY88_3_E02_S626_comb,Mel88
CY88_3_A12_S588_comb,Mel88
CY88_5_G02_S746_comb,Mel88
CY88_3_G05_S653_comb,Mel88
CY88_3_E07_S631_comb,Mel88
CY88_3_A08_S584_comb,Mel88
CY88_3_C06_S606_comb,Mel88
CY88_3_F11_S647_comb,Mel88
CY88_5_A06_S678_comb,Mel88
CY88_3_A11_S587_comb,Mel88
CY88_3_F10_S646_comb,Mel88
CY88_3_G12_S660_comb,Mel88
CY88_5_H04_S760_comb,Mel88
CY88_3_G01_S649_comb,Mel88
CY88_5_F03_S735_comb,Mel88
CY88_5_A03_S675_comb,Mel88
CY88_5_F06_S738_comb,Mel88
CY88_5_H06_S762_comb,Mel88
CY88_3_F09_S645_comb,Mel88
CY88_5_A12_S684_comb,Mel88
CY88_3_G10_S658_comb,Mel88
CY88_3_D11_S623_comb,Mel88
CY88_3_H04_S664_comb,Mel88
CY88_5_B02_S686_comb,Mel88
CY88_3_F06_S642_comb,Mel88
CY88_3_D05_S617_comb,Mel88
CY88_5_A07_S679_comb,Mel88
CY88_5_A09_S681_comb,Mel88
CY88_3_A05_S581_comb,Mel88
CY88_3_E08_S632_comb,Mel88
CY88_3_F08_S644_comb,Mel88
CY88_5_D12_S720_comb,Mel88
CY88_5_B08_S692_comb,Mel88
CY88_5_E11_S731_comb,Mel88
CY88_3_A04_S580_comb,Mel88
CY88_5_G08_S752_comb,Mel88
CY88_5_C11_S707_comb,Mel88
CY88_5_A10_S682_comb,Mel88
CY88_5_D04_S712_comb,Mel88
CY88_5_B04_S688_comb,Mel88
CY88_3_H03_S663_comb,Mel88
CY88_5_G12_S756_comb,Mel88
CY88_5_C07_S703_comb,Mel88
CY88_5_H01_S757_comb,Mel88
CY88_5_E08_S728_comb,Mel88
CY88_5_C04_S700_comb,Mel88
CY88_5_C10_S706_comb,Mel88
CY88_5_B05_S689_comb,Mel88
CY88_3_E06_S630_comb,Mel88
CY88_3_A01_S577_comb,Mel88
CY88_5_H11_S767_comb,Mel88
CY88_5_E10_S730_comb,Mel88
CY88_5_G11_S755_comb,Mel88
CY88_5_D01_S709_comb,Mel88
CY88_3_G04_S652_comb,Mel88
CY88_5_H07_S763_comb,Mel88
CY88_3_F04_S640_comb,Mel88
CY88_5_G10_S754_comb,Mel88
CY88_5_C03_S699_comb,Mel88
CY88_3_E11_S635_comb,Mel88
CY88_5_F10_S742_comb,Mel88
CY88_5_B09_S693_comb,Mel88
CY88_3_G06_S654_comb,Mel88
cy88_cd45pos_5_C01_S217_comb,Mel88
CY88CD45_150813_G04_S364_comb,Mel88
CY88CD45POS_7_C07_S223_comb,Mel88
CY88CD45_150813_B05_S305_comb,Mel88
CY88CD45POS_2_B11_S407_comb,Mel88
CY84_PRIM_POS_All_6_D06_S426_comb,Mel84
CY84_PRIM_POS_All_6_G01_S457_comb,Mel84
CY84_PRIM_POS_All_6_E04_S436_comb,Mel84
